{
  "id": 123,
  "name": "Jovan Lee",
  "email": "jovan@example.com",
  "phone": "+49 176 14890478",
  "age": 32,
  "projects": [
    "Remote Job Board",
    "Data Migration"
  ],
  "address": {
    "street": "Yorckstr. 75",
    "city": "Berlin",
    "zipcode": 10965,
    "country": "Germany"
  },
  "paymentMethods": [
    "PayPal",
    "Stripe",
    "Visa",
    "PayPal"

  ],
  "profileInfo": {
    "gender": "Male",
    "married": "Yes",
    "source": "LinkedIn"
  }
}
